Second,Requests,Error codes
0,46826,1852
1,47856,1
2,48060,1
3,48315,1
4,48498,1
5,48632,1
6,48937,1
7,48009,55
8,48350,1
9,48179,1
10,48588,1
11,48382,1
12,48412,1
13,48757,1
14,48582,1
15,48320,1
16,48512,1
17,48241,1
18,48163,1
19,48228,1
20,48464,1
21,48627,1
22,48035,1
23,47964,1
24,48820,1
25,48716,1
26,48246,1
27,48477,1
28,48734,1
29,48060,1
30,48568,1
31,48960,1
32,48787,1
33,48866,1
34,47794,1
35,48107,1
36,48649,1
37,48571,1
38,48406,1
39,48608,1
40,48656,1
41,48671,1
42,48618,1
43,48427,1
44,48252,1
45,48672,1
46,48454,1
47,48433,1
48,48784,1
49,48501,1
50,48526,1
51,48828,1
52,48946,1
53,48591,1
54,48693,1
55,48860,1
56,48784,1
57,48569,1
58,48243,1
59,48600,1
60,48097,1
61,47354,1
62,48064,1
63,48344,1
64,48639,1
65,48100,1
66,48550,1
67,47758,1
68,48330,1
69,48108,1
70,48250,1
71,47972,1
72,48561,1
73,48490,1
74,48335,1
75,48492,1
76,48586,1
77,48377,1
78,48603,1
79,48600,1
80,48599,1
81,48219,1
82,47963,1
83,47417,1
84,47811,1
85,47516,1
86,48364,1
87,48418,1
88,48162,1
89,48091,1
90,47606,1
91,47778,1
92,47506,1
93,47594,1
94,47531,1
95,47448,1
96,47711,1
97,47202,1
98,48094,1
99,47777,1
100,47859,1
101,47809,1
102,47799,1
103,47653,1
104,47873,1
105,48060,1
106,48082,1
107,48019,1
108,47929,1
109,47408,1
110,48127,1
111,47960,1
112,47834,1
113,47866,1
114,47499,1
115,48291,1
116,48027,1
117,46924,186
118,47181,169
119,47613,477
120,47949,1
121,47542,1
122,47579,1
123,47881,1
124,47927,1
125,47911,1
126,48013,1
127,48026,1
128,47698,1
129,47663,438
130,47115,519
131,47425,1
132,48106,1
133,48186,1
134,47833,1
135,47868,1
136,48204,1
137,47912,20
138,47866,36
139,47491,1
140,47671,1
141,47855,1
142,47452,1
143,47680,1
144,47704,1
145,47799,1
146,47213,1
147,48104,1
148,48108,1
149,48126,1
150,47928,1
151,47796,1
152,47923,1
153,47871,1
154,47579,1
155,47920,1
156,47976,1
157,47522,1
158,47845,1
159,47851,1
160,47700,1
161,47392,1
162,47861,1
163,47693,1
164,47674,1
165,47768,1
166,47399,1
167,47763,1
168,47714,1
169,47323,1
170,48021,1
171,47641,1
172,47632,1
173,48127,1
174,48090,1
175,47918,1
176,48059,1
177,47861,1
178,47768,1
179,47999,1
180,47844,1
181,47988,1
182,48346,1
183,48116,1
184,48442,1
185,48298,1
186,48034,1
187,47363,1
188,47866,1
189,48212,1
190,48082,1
191,47487,1
192,48140,1
193,48048,1
194,47876,1
195,47850,1
196,47897,1
197,47581,1
198,47310,1
199,47865,1
200,48027,1
201,47959,1
202,47440,1
203,47669,1
204,47953,1
205,47953,1
206,47947,1
207,47830,1
208,48028,1
209,48295,1
210,48336,1
211,47601,1
212,47837,1
213,47764,1
214,48050,1
215,47925,1
216,47634,1
217,47516,1
218,47826,1
219,48128,1
220,48227,1
221,48074,1
222,47882,1
223,48043,1
224,48269,1
225,47810,1
226,47701,1
227,48314,1
228,48094,1
229,47855,1
230,47946,1
231,47814,1
232,48535,1
233,48271,1
234,48335,1
235,48165,1
236,47986,1
237,48155,1
238,47807,1
239,48221,1
240,48147,1
241,48092,1
242,47884,1
243,48179,1
244,48460,1
245,48534,1
246,47917,1
247,48122,1
248,48126,1
249,47529,1
250,47794,1
251,47713,1
252,47607,1
253,47763,1
254,48122,1
255,47751,1
256,47918,1
257,48251,1
258,47975,1
259,48017,1
260,47815,1
261,47308,1
262,47201,1
263,47702,1
264,47713,1
265,48408,1
266,47654,1
267,48037,1
268,47702,1
269,47673,1
270,47606,1
271,47719,1
272,47924,1
273,47743,1
274,47307,1
275,47948,1
276,47752,1
277,48106,1
278,47958,1
279,48188,1
280,47850,1
281,48201,1
282,48042,1
283,47542,1
284,47919,1
285,47808,1
286,47982,1
287,47721,1
288,47724,1
289,47977,1
290,48062,1
291,47678,1
292,48028,1
293,48280,1
294,47928,1
295,47395,1
296,47950,1
297,47485,1
298,48117,1
299,47576,1
